<?xml version="1.0" encoding="UTF-8"?>
<beans xmlns="http://www.springframework.org/schema/beans"
       xmlns:xsi="http://www.w3.org/2001/XMLSchema-instance"
       xsi:schemaLocation="http://www.springframework.org/schema/beans
		http://www.springframework.org/schema/beans/spring-beans-3.0.xsd">

	<import resource="Common/lookupsStep.xml" />
	<import resource="Common/xQueryTransformResources.xml" />
	<import resource="Common/otmTransformResource.xml" />
	<import resource="Common/legacyPdpTransformResource.xml"/>
	<import resource="Common/resourcesQueries.xml"/>
    <import resource="Common/documentMetaDataTransformResource.xml" />
    <import resource="Common/reviewCaseMetaDataTransformResource.xml"/>
	<import resource="Credit/SignatureRule.xml" />
	<import resource="Credit/CreditReviewRules.xml" />
	<import resource="Rates/RatesTransformResources.xml"/>
	<import resource="Rates/RatesReviewRulesResources.xml"/>
    <import resource="Rates/RatesSignatureRulesResource.xml"/>
    <import resource="Rates/RatesEditRulesResource.xml"/>
    <import resource="Rates/RatesIsdaRulesResources.xml"/>
    <import resource="Equity/EquitiesReviewRulesResources.xml"/>
    <import resource="Equity/EquitiesSignatureRulesResources.xml"/>
    <import resource="Equity/EquitiesEditRulesResources.xml"/>
    <import resource="Commodity/CommoditiesReviewRulesResources.xml"/>
    <import resource="Commodity/CommoditiesSignatureRulesResources.xml"/>
    <import resource="Commodity/CommoditiesEditRulesResources.xml"/>

	<bean id="resources" class="java.util.HashMap">
		<constructor-arg>
			<map>
				<entry key="CommonResources" value-ref="commonResources" />
				<entry key="CreditResources" value-ref="creditResources" />
				<entry key="RatesResources" value-ref="ratesResources" />
				<entry key="EquityResources" value-ref="equityResources" />
				<entry key="CommodityResources" value-ref="commodityResources" />
			</map>
		</constructor-arg>
	</bean>
	<bean id="commonResources" class="java.util.ArrayList">
		<constructor-arg>
			<list>
				<ref bean="getCorporateCommonDataForOwnerResource" />
				<ref bean="getCorporateCommonDataResource" />
				<ref bean="validateCorporateRefDataResource" />
				<ref bean="getCorporateRefDataResource" />
				<ref bean="enrichPersonDetailsResource" />
				<ref bean="getOTMIBMLResource" />
				<ref bean="validateAllDetailsResource" />
				<ref bean="getClientDeliveryPreferenceResource" />
				<ref bean="transformClientConfoContactResource" />
				<ref bean="getClientConfoServiceGroupDetailsResource" />
				<ref bean="addSignatureResource" />
				<ref bean="otmLookupTransformResource" />
				<ref bean="transformWorkflowProcessingRuleResource" />
				<ref bean="getOTMIBMLResource" />
				<ref bean="raiseAllBreakStpOtmsResource" />
				<ref bean="transformPayloadClearDownResource" />
                <ref bean="documentMetaDataTransformResource" />
                <ref bean="reviewCaseMetaDataTransformResource" />
			</list>
		</constructor-arg>
	</bean>

	<bean id="creditResources" class="java.util.ArrayList">
		<constructor-arg>
			<list>
				<ref bean="getCreditSignatureRefDataResource" />
				<ref bean="creditReviewDecisionResource" />
				<ref bean="getBusinessCentersResource" />
			</list>
		</constructor-arg>
	</bean>

	<bean id="ratesResources" class="java.util.ArrayList">
		<constructor-arg>
			<list>
				<ref bean="getBusinessCentersResource" />
				<ref bean="getCurrencyRefDataResource" />
				<ref bean="getInflationIndicesResource" />
				<ref bean="getAccuralMethodResource" />
				<ref bean="getLegacyPdpTransformResource" />
				<ref bean="executeRatesReviewRulesResource" />
				<ref bean="getFloatingRateOptionsResource" />
                <ref bean="executeRatesEditResource" />
                <ref bean="executeRatesSignatureResource" />
                <ref bean="executeRatesSwaptionsMatrixOetRulesResource" />
                <ref bean="executeRatesEtrMatrixOetRulesResource" />
                <ref bean="executeRatesCcsEtrMatrixRulesResource" />
                <ref bean="executeRatesCcsMtmMatrixRulesResource" />
			</list>
		</constructor-arg>
	</bean>

	<bean id="equityResources" class="java.util.ArrayList">
		<constructor-arg>
			<list>
				<ref bean="getLegacyPdpTransformResource" />
				<ref bean="executeEquitiesEditRulesResource" />
				<ref bean="executeEquitiesReviewRulesResource" />
				<ref bean="executeEquitiesSignatureRulesResource" />
			</list>
		</constructor-arg>
	</bean>

	<bean id="commodityResources" class="java.util.ArrayList">
		<constructor-arg>
			<list>
				<ref bean="getLegacyPdpTransformResource" />
				<ref bean="executeCommoditiesEditRulesResource" />
				<ref bean="executeCommoditiesReviewRulesResource" />
				<ref bean="executeCommoditiesSignatureRulesResource" />
			</list>
		</constructor-arg>
	</bean>

	<bean id="steps" class="java.util.HashMap">
		<constructor-arg>
			<map>
				<entry key="CommonSteps" value-ref="commonSteps" />
				<entry key="CreditSteps" value-ref="creditSteps" />
				<entry key="RatesSteps" value-ref="ratesSteps" />
				<entry key="EquitySteps" value-ref="equitySteps" />
				<entry key="CommoditySteps" value-ref="commoditySteps" />
				<entry key="LastSteps" value-ref="lastSteps" />
			</map>
		</constructor-arg>
	</bean>

	<bean id="commonSteps" class="java.util.ArrayList">
		<constructor-arg>
			<list>
				<ref bean="getCorporateCommonDataForOwnerStep" />
				<ref bean="getCorporateCommonDataStep" />
				<ref bean="validateCorporateRefDataStep" />
				<ref bean="getCorporateRefDataStep" />
				<ref bean="getClientDeliveryPreferenceStep" />
				<ref bean="getClientConfoContactDetailsStep" />
				<ref bean="getClientConfoServiceGroupDetailsStep" />
				<ref bean="transformWorkflowProcessingRuleStep" />
				<ref bean="enrichPersonDetailsStep" />
				<ref bean="getOTMIBMLStep" />
				<ref bean="raiseAllBreakStpOtmsStep" />
			</list>
		</constructor-arg>
	</bean>

	<bean id="creditSteps" class="java.util.ArrayList">
		<constructor-arg>
			<list>
				<ref bean="getCreditSignatureRefDataStep" />
				<ref bean="getBusinessCentersStep" />
				<ref bean="validateAllDetailsStep" />
				<ref bean="creditReviewDecisionStep" />
			</list>
		</constructor-arg>
	</bean>

	<bean id="ratesSteps" class="java.util.ArrayList">
		<constructor-arg>
			<list>
				<ref bean="getCurrencyRefDataStep" />
				<ref bean="getBusinessCentersStep" />
				<ref bean="getInflationIndicesStep" />
				<ref bean="getAccuralMethodStep" />
				<ref bean="getRatesEditRulesTransformStep" />
				<ref bean="getRatesReviewRulesTransformStep" />
				<ref bean="getFloatingRateOptionsStep" />
                <ref bean="getRatesSignatureRulesTransformStep" />
                <ref bean="getRatesSwaptionsMatrixOetRulesTransformStep"/>
                <ref bean="getRatesEtrMatrixOetRulesTransformStep"/>
                <ref bean="getRatesCcsEtrMatrixRulesTransformStep"/>
                <ref bean="getRatesCcsMtmMatrixRulesTransformStep"/>
                <ref bean="validateAllDetailsStep" />
                <ref bean="getLegacyPdpTransformStep" /> <!-- Please ensure that this is the last Xform step across all LOBs where ever applicable -->
			</list>
		</constructor-arg>
	</bean>

	<bean id="equitySteps" class="java.util.ArrayList">
		<constructor-arg>
			<list>
				<ref bean="getEquitiesEditRulesTransformStep" />
				<ref bean="getEquitiesReviewRulesTransformStep" />
				<ref bean="getEquitiesSignatureRulesTransformStep" />
				<ref bean="validateAllDetailsStep" />
				<ref bean="getLegacyPdpTransformStep" /> <!-- Please ensure that this is the last Xform step across all LOBs where ever applicable -->
			</list>
		</constructor-arg>
	</bean>

	<bean id="commoditySteps" class="java.util.ArrayList">
		<constructor-arg>
			<list>
				<ref bean="getCommoditiesEditRulesTransformStep" />
				<ref bean="getCommoditiesReviewRulesTransformStep" />
				<ref bean="getCommoditiesSignatureRulesTransformStep" />
				<ref bean="validateAllDetailsStep" />
				<ref bean="getLegacyPdpTransformStep" /> <!-- Please ensure that this is the last Xform step across all LOBs where ever applicable -->
			</list>
		</constructor-arg>
	</bean>

	<bean id="lastSteps" class="java.util.ArrayList">
		<constructor-arg>
			<list>
				<ref bean="addSignatureStep" />
				<ref bean="transformPayloadClearDownStep" />
			</list>
		</constructor-arg>
	</bean>

	<bean id="queries" class="java.util.ArrayList">
		<constructor-arg>
			<list>
				<ref bean="getWorkflowProcessingRuleForConfirmationQuery" />
				<ref bean="getAccountQuery" />
				<ref bean="getAccountPageWithSpnQuery" />
				<ref bean="getClientProfileQuery" />
				<ref bean="getClientDeliveryPreferenceQuery" />
				<ref bean="getClientConfoContactDetailsQuery" />
				<ref bean="getClientConfoServiceGroupDetailsQuery" />
				<ref bean="getSignatureQuery" />
				<ref bean="getRdtCurrencyQuery" />
				<ref bean="getRdtLocationQuery" />
				<ref bean="getConfoClientProfileQuery" />
				<ref bean="inflationDataQuery" />
				<ref bean="dayCountFractionDataQuery" />
				<ref bean="floatingRateIndexDataQuery" />
                <ref bean="getDataValueMappingRecordForSignatureRules" />
                <ref bean="getDataValueMappingRecordForReviewRules" />
                <ref bean="getCountryGroupQuery" />
                <ref bean="getPreviousRatesEventType" />

			</list>
		</constructor-arg>
	</bean>

</beans>
