<?xml version="1.0" encoding="UTF-8"?>
<beans xmlns="http://www.springframework.org/schema/beans"
       xmlns:xsi="http://www.w3.org/2001/XMLSchema-instance" xmlns:context="http://www.springframework.org/schema/context"
       xsi:schemaLocation="http://www.springframework.org/schema/beans
		http://www.springframework.org/schema/beans/spring-beans-3.0.xsd
		http://www.springframework.org/schema/context
		http://www.springframework.org/schema/context/spring-context-3.0.xsd">
    <!-- Resource otmLookupTransform -->
    <bean id="documentMetaDataTransformResource" class="com.jpmorgan.ibtcp.dcpp.la.dataObject.Resource">
        <property name="resourceName" value="documentMetaDataTransform" />
        <property name="resourceType" value="XQuery" />
        <property name="resourceBody">
            <value><![CDATA[
						   declare namespace lookup = "com.jpmorgan.dcpp.gdf.lookup";
						   declare variable $payload as node() external;
                           declare variable $generateDocumentId as xs:string external;
                           declare function local:formatDateTime($dateTime,$datePattern)
						   {
						       saxon:format-dateTime($dateTime,$datePattern)
						   };

						   declare function local:formatDate($date,$datePattern)
						   {
						       saxon:format-date($date,$datePattern)
						   };

						   declare function local:getTradeDomain($tradeDomain)
						   {
						       if(fn:string-length($tradeDomain) = 4)
                               then(
                                  fn:substring($tradeDomain,3,2)
                               ) else (
                                  $tradeDomain
                               )
						   };

                           let $datePattern := '[Y0001]/[M01]/[D01]'
                           let $endDate :=
                           if (fn:not(fn:empty($payload/dsThunderheadInput/gbom/trade/tradeHeader/maturityDateAdjusted/text())))
                           then (
                               $payload/dsThunderheadInput/gbom/trade/tradeHeader/maturityDateAdjusted/text()
                           )
                            else (
                               $payload/dsThunderheadInput/gbom/trade/tradeHeader/maturityDateUnadjusted/text()
                           )

                           let $documentDate :=
                           if (fn:not(fn:empty($payload/dsThunderheadInput/gbom/trade/tradeHeader/effectiveDateAdjusted/text())))
                           then (
                               $payload/dsThunderheadInput/gbom/trade/tradeHeader/effectiveDateAdjusted/text()
                           )
                             else (
                               $payload/dsThunderheadInput/gbom/trade/tradeHeader/effectiveDateUnadjusted/text()
                           )


						   return (
                           <fortressTask>
										<properties>
											<property>
												<key>DocumentType</key>
												<value>J.P. Morgan Confirmation</value>
											</property>
											<property>
												<key>OriginatingSystem</key>
												<value>LegalAffirmation</value>
											</property>
											<property>
												<key>Sender</key>
												<value>DCPP</value>
											</property>
											<property>
												<key>DocumentFormat</key>
												<value>/cs/pdf</value>
											</property>
											<property>
												<key>Owner</key>
												<value>{$payload//parties/party[type='RISK_MANAGEMENT_OWNER']/legalEntity/text()}</value>
											</property>
											<property>
												<key>TradeDomain</key>
												<value>{local:getTradeDomain($payload//gbom/trade/tradeHeader/tradeDomain/text())}</value>
											</property>
											<property>
												<key>TradeId</key>
												<value>{$payload//gbom/trade/tradeHeader/coreProcessingTradeId/text()}
												</value>
											</property>
											<property>
												<key>UserInfo</key>
												<value> </value>
											</property>
											<property>
												<key>OriginatorRefererence</key>
												<value>{$generateDocumentId}</value>
											</property>
											<property>
												<key>Recipient</key>
												<value>{$payload//gbom/trade/tradeHeader/partyTradeData/bookingData/partyRole[roleType='COUNTERPARTY']/partyId/referenceDatakey/text()}</value>
											</property>
		                                    <property>
		                                        <key>StartDate</key>
		                                        <value>{local:formatDateTime(xs:dateTime($payload/dsThunderheadInput/gbom/trade/tradeHeader/tradeDate/text()),$datePattern)}</value>
		                                    </property>
		                                     <property>
		                                        <key>EndDate</key>
		                                        <value>{local:formatDate(xs:date($endDate),$datePattern)}</value>
		                                    </property>
		                                       <property>
		                                        <key>Intermediary</key>
		                                        <value>{$payload//otmAttributes/intermediaryPartyId/text()}</value>
		                                    </property>
		                                    <property>
		                                        <key>Counterparty</key>
		                                        <value>{$payload//gbom/trade/tradeHeader/partyTradeData/bookingData/partyRole[roleType='COUNTERPARTY']/partyId/referenceDatakey/text()}</value>
		                                    </property>
		                                    <property>
		                                        <key>ProductType</key>
		                                        <value> </value>
		                                    </property>
		                                    <property>
		                                        <key>DocumentDate</key>
		                                        <value>{local:formatDate(xs:date($documentDate),$datePattern)}</value>
		                                    </property>
									<!--		<property>
												<key>RegionId</key>
												<value>{$payload//parties/party[type='COUNTERPARTY']/countryDomicile/text()}</value>
											</property>  -->
											<property>
												<key>AssetName</key>
												<value>{$payload//productEnrichment/assetClass/text()}</value>
											</property>
											<property>
												<key>TraderGID</key>
												<value>{$payload//gbom/trade/tradeHeader/partyTradeData/bookingData/partyRole[roleType='TRADER']/partyId[domain=':clientcentral.spn']/referenceDatakey/text()}</value>
											</property>
											<property>
												<key>ClientReference</key>
												<value>{$payload//otmAttributes/counterpartyTradeId/text()}</value>
											</property>
										</properties>
									</fortressTask>
									)
						   ]]></value>
        </property>
    </bean>
</beans>