<?xml version="1.0" encoding="UTF-8"?>
<beans xmlns="http://www.springframework.org/schema/beans"
       xmlns:xsi="http://www.w3.org/2001/XMLSchema-instance"
       xsi:schemaLocation="http://www.springframework.org/schema/beans
	http://www.springframework.org/schema/beans/spring-beans.xsd">

    <bean id="getCorporateCommonDataStep" class="com.jpmorgan.ibtcp.dcpp.la.dataObject.Step">
        <property name="stepType" value="transform"/>
        <property name="resourceName" value="getCorporateCommonData"/>
    </bean>
    <bean id="getCorporateCommonDataForOwnerStep" class="com.jpmorgan.ibtcp.dcpp.la.dataObject.Step">
        <property name="stepType" value="transform"/>
        <property name="resourceName" value="getCorporateCommonDataForOwner"/>
    </bean>
    <bean id="getCorporateRefDataStep" class="com.jpmorgan.ibtcp.dcpp.la.dataObject.Step">
        <property name="stepType" value="transform"/>
        <property name="resourceName" value="getCorporateRefData"/>
    </bean>
    <bean id="validateAllDetailsStep" class="com.jpmorgan.ibtcp.dcpp.la.dataObject.Step">
        <property name="stepType" value="validate"/>
        <property name="resourceName" value="validateAllDetails"/>
    </bean>
    <bean id="transformPayloadClearDownStep" class="com.jpmorgan.ibtcp.dcpp.la.dataObject.Step">
        <property name="stepType" value="transform"/>
        <property name="resourceName" value="transformPayloadClearDown"/>
    </bean>
    <bean id="getOTMIBMLStep" class="com.jpmorgan.ibtcp.dcpp.la.dataObject.Step">
        <property name="stepType" value="transform"/>
        <property name="resourceName" value="getOTMIBMLResource"/>
    </bean>
    <bean id="getClientDeliveryPreferenceStep" class="com.jpmorgan.ibtcp.dcpp.la.dataObject.Step">
        <property name="stepType" value="transform"/>
        <property name="resourceName" value="getClientDeliveryPreference"/>
    </bean>
    <bean id="getClientConfoContactDetailsStep" class="com.jpmorgan.ibtcp.dcpp.la.dataObject.Step">
        <property name="stepType" value="transform"/>
        <property name="resourceName" value="transformClientConfoContact"/>
    </bean>
    <bean id="getClientConfoServiceGroupDetailsStep" class="com.jpmorgan.ibtcp.dcpp.la.dataObject.Step">
        <property name="stepType" value="transform"/>
        <property name="resourceName" value="getClientConfoServiceGroupDetails"/>
    </bean>
    <bean id="getCreditSignatureRefDataStep" class="com.jpmorgan.ibtcp.dcpp.la.dataObject.Step">
        <property name="stepType" value="transform"/>
        <property name="resourceName" value="getCreditSignatureRefData"/>
    </bean>
    <bean id="addSignatureStep" class="com.jpmorgan.ibtcp.dcpp.la.dataObject.Step">
        <property name="stepType" value="transform"/>
        <property name="resourceName" value="addSignature"/>
    </bean>
    <bean id="getCurrencyRefDataStep" class="com.jpmorgan.ibtcp.dcpp.la.dataObject.Step">
        <property name="stepType" value="transform"/>
        <property name="resourceName" value="getCurrencyRefData"/>
    </bean>
    <bean id="creditReviewDecisionStep" class="com.jpmorgan.ibtcp.dcpp.la.dataObject.Step">
        <property name="stepType" value="transform"/>
        <property name="resourceName" value="creditReviewDecision"/>
    </bean>
    <bean id="transformWorkflowProcessingRuleStep" class="com.jpmorgan.ibtcp.dcpp.la.dataObject.Step">
        <property name="stepType" value="transform"/>
        <property name="resourceName" value="transformWorkflowProcessingRule"/>
    </bean>
    <bean id="raiseAllBreakStpOtmsStep" class="com.jpmorgan.ibtcp.dcpp.la.dataObject.Step">
        <property name="stepType" value="transform"/>
        <property name="resourceName" value="raiseAllBreakStpOtms"/>
    </bean>
    <bean id="getBusinessCentersStep" class="com.jpmorgan.ibtcp.dcpp.la.dataObject.Step">
        <property name="stepType" value="transform"/>
        <property name="resourceName" value="getBusinessCenters"/>
    </bean>
    <bean id="getAccuralMethodStep" class="com.jpmorgan.ibtcp.dcpp.la.dataObject.Step">
        <property name="stepType" value="transform"/>
        <property name="resourceName" value="getAccuralMethod"/>
    </bean>
    <bean id="validateCorporateRefDataStep" class="com.jpmorgan.ibtcp.dcpp.la.dataObject.Step">
        <property name="stepType" value="validate"/>
        <property name="resourceName" value="validateCorporateRefData"/>
    </bean>
    <bean id="getInflationIndicesStep" class="com.jpmorgan.ibtcp.dcpp.la.dataObject.Step">
        <property name="stepType" value="transform"/>
        <property name="resourceName" value="getInflationIndices"/>
    </bean>
    <bean id="getFloatingRateOptionsStep" class="com.jpmorgan.ibtcp.dcpp.la.dataObject.Step">
        <property name="stepType" value="transform"/>
        <property name="resourceName" value="getFloatingRateOptions"/>
    </bean>
    <bean id="getLegacyPdpTransformStep" class="com.jpmorgan.ibtcp.dcpp.la.dataObject.Step">
        <property name="stepType" value="transform"/>
        <property name="resourceName" value="getLegacyPdpTransform"/>
    </bean>

    <bean id="getRatesReviewRulesTransformStep" class="com.jpmorgan.ibtcp.dcpp.la.dataObject.Step">
        <property name="stepType" value="transform"/>
        <property name="resourceName" value="executeRatesReviewRulesResource"/>
    </bean>
    <bean id="getRatesSignatureRulesTransformStep" class="com.jpmorgan.ibtcp.dcpp.la.dataObject.Step">
        <property name="stepType" value="transform"/>
        <property name="resourceName" value="executeRatesSignatureResource"/>
    </bean>
    <bean id="getRatesEditRulesTransformStep" class="com.jpmorgan.ibtcp.dcpp.la.dataObject.Step">
        <property name="stepType" value="transform"/>
        <property name="resourceName" value="executeRatesEditResource"/>
    </bean>
    <bean id="getRatesSwaptionsMatrixOetRulesTransformStep" class="com.jpmorgan.ibtcp.dcpp.la.dataObject.Step">
        <property name="stepType" value="transform"/>
        <property name="resourceName" value="executeRatesSwaptionsMatrixOetRulesResource"/>
    </bean>
    <bean id="getRatesEtrMatrixOetRulesTransformStep" class="com.jpmorgan.ibtcp.dcpp.la.dataObject.Step">
        <property name="stepType" value="transform"/>
        <property name="resourceName" value="executeRatesEtrMatrixOetRulesResource"/>
    </bean>
    <bean id="getRatesCcsEtrMatrixRulesTransformStep" class="com.jpmorgan.ibtcp.dcpp.la.dataObject.Step">
        <property name="stepType" value="transform"/>
        <property name="resourceName" value="executeRatesCcsEtrMatrixRulesResource"/>
    </bean>
    <bean id="getRatesCcsMtmMatrixRulesTransformStep" class="com.jpmorgan.ibtcp.dcpp.la.dataObject.Step">
        <property name="stepType" value="transform"/>
        <property name="resourceName" value="executeRatesCcsMtmMatrixRulesResource"/>
    </bean>

    <bean id="getEquitiesReviewRulesTransformStep" class="com.jpmorgan.ibtcp.dcpp.la.dataObject.Step">
        <property name="stepType" value="transform"/>
        <property name="resourceName" value="executeEquitiesReviewRulesResource"/>
    </bean>

    <bean id="getEquitiesSignatureRulesTransformStep" class="com.jpmorgan.ibtcp.dcpp.la.dataObject.Step">
        <property name="stepType" value="transform"/>
        <property name="resourceName" value="executeEquitiesSignatureRulesResource"/>
    </bean>

    <bean id="getEquitiesEditRulesTransformStep" class="com.jpmorgan.ibtcp.dcpp.la.dataObject.Step">
        <property name="stepType" value="transform"/>
        <property name="resourceName" value="executeEquitiesEditRulesResource"/>
    </bean>

    <bean id="getCommoditiesSignatureRulesTransformStep" class="com.jpmorgan.ibtcp.dcpp.la.dataObject.Step">
        <property name="stepType" value="transform"/>
        <property name="resourceName" value="executeCommoditiesSignatureRulesResource"/>
    </bean>

    <bean id="getCommoditiesReviewRulesTransformStep" class="com.jpmorgan.ibtcp.dcpp.la.dataObject.Step">
        <property name="stepType" value="transform"/>
        <property name="resourceName" value="executeCommoditiesReviewRulesResource"/>
    </bean>

    <bean id="getCommoditiesEditRulesTransformStep" class="com.jpmorgan.ibtcp.dcpp.la.dataObject.Step">
        <property name="stepType" value="transform"/>
        <property name="resourceName" value="executeCommoditiesEditRulesResource"/>
    </bean>
	<bean id="enrichPersonDetailsStep" class="com.jpmorgan.ibtcp.dcpp.la.dataObject.Step">
        <property name="stepType" value="transform"/>
        <property name="resourceName" value="enrichPersonDetails"/>
    </bean>
</beans>
