<?xml version="1.0" encoding="UTF-8"?>
<beans xmlns="http://www.springframework.org/schema/beans"
	xmlns:xsi="http://www.w3.org/2001/XMLSchema-instance" xmlns:context="http://www.springframework.org/schema/context"
	xsi:schemaLocation="http://www.springframework.org/schema/beans
		http://www.springframework.org/schema/beans/spring-beans-3.0.xsd
		http://www.springframework.org/schema/context
		http://www.springframework.org/schema/context/spring-context-3.0.xsd">
		<!-- Resource otmLookupTransform -->
	<bean id="otmLookupTransformResource" class="com.jpmorgan.ibtcp.dcpp.la.dataObject.Resource">
		<property name="resourceName" value="otmLookupTransform" />
		<property name="resourceType" value="XQuery" />
		<property name="resourceBody">
			<value>#{xqueryToStringWithCDataConverter.getConvertedString('/Common/otm-lookup-transform-resource.xqy')}</value>
		</property>
	</bean>
	<!-- Resource getCorporateRefDataResource -->
	<bean id="getOTMIBMLResource" class="com.jpmorgan.ibtcp.dcpp.la.dataObject.Resource">
		<property name="resourceName" value="getOTMIBMLResource" />
		<property name="resourceType" value="XQuery" />
		<property name="resourceBody">
			<value>#{xqueryToStringWithCDataConverter.getConvertedString('/Common/get-otm-ibml-resource.xqy')}</value>
		</property>
	</bean>
</beans>
