<?xml version="1.0" encoding="UTF-8"?>
<beans xmlns="http://www.springframework.org/schema/beans"
       xmlns:xsi="http://www.w3.org/2001/XMLSchema-instance"
       xsi:schemaLocation="http://www.springframework.org/schema/beans
	http://www.springframework.org/schema/beans/spring-beans.xsd">

	<bean id="getAccountPageWithSpnQuery" class="com.jpmorgan.ibtcp.dcpp.la.dataObject.Query">
		<property name="name" value="getAccountPageWithSpn" />
		<property name="query">
			<value><![CDATA[
                       <OQL>
                           <query name="getAccountPageWithSpn">
                           <search>
                               <subject>/ODS/pageType/RDT-Account</subject>
                               <history>LATEST</history>
                               <match>/gbom[referenceData/accountData/parties/party[rolePriority='BO-P']/crossReferences/crossReference[type='SPN']/value ='$spn']</match>
                           </search>
                           <result type="Page"/>
                           </query>
                       </OQL>]]></value>
		</property>
	</bean>
	<bean id="getAccountQuery" class="com.jpmorgan.ibtcp.dcpp.la.dataObject.Query">
		<property name="name" value="getAccount" />
		<property name="query">
			<value><![CDATA[
                       <OQL>
                           <query name="getAccount">
                           <search>
                               <subject>/ODS/pageType/RDT-Client</subject>
                               <history>LATEST</history>
                               <match>/gbom[referenceData[common[businessId[id='$eci']]]]</match>
                           </search>
                           <result type="Page"/>
                           </query>
                       </OQL>]]></value>
		</property>
	</bean>
	<bean id="getClientProfileQuery" class="com.jpmorgan.ibtcp.dcpp.la.dataObject.Query">
		<property name="name" value="getClientProfile" />
		<property name="query">
			<value><![CDATA[
                <OQL>
                    <query name="getClientProfile">
                        <search>
                            <subject>/ODS/pageType/ClientProfile</subject>
                               <history>LATEST</history>
                               <match>/gbom[referenceData[common[businessId[domain=':clientcentral.eci'][id='$eci']
                               [effectiveFromDate le '$currentDate' and effectiveToDate ge '$currentDate']][isDeleted='false']]]
                               </match>
                        </search>
                        <result type="Page"/>
                    </query>
                </OQL>]]></value>
		</property>
	</bean>
	<bean id="getClientDeliveryPreferenceQuery" class="com.jpmorgan.ibtcp.dcpp.la.dataObject.Query">
		<property name="name" value="getClientDeliveryPreference" />
		<property name="query">
			<value><![CDATA[
                <OQL>
                    <query name="getClientDeliveryPreference">
                        <search>
                          <function name="/getClientDeliveryPreferenceForConfirmation.xqy">
								<param name="clientCaid" type="STRING" value="$clientCaid"/>
								<param name="ownerAccounts" type="STRING" value="$ownerAccounts"/>
								<param name="businessFunctions" type="STRING" value="$businessFunctions"/>
								<param name="ownerLegalEntities" type="STRING" value="$ownerLegalEntities"/>
								<param name="assetClass" type="STRING" value="$assetClass"/>
								<param name="baseProduct" type="STRING" value="$baseProduct"/>
								<param name="subProduct" type="STRING" value="$subProduct"/>
								<param name="clientType" type="STRING" value="$clientType"/>
							</function>
                        </search>
                        <result type="Fragment"/>
                    </query>
                </OQL>]]></value>
		</property>
	</bean>
	<bean id="getClientConfoContactDetailsQuery" class="com.jpmorgan.ibtcp.dcpp.la.dataObject.Query">
		<property name="name" value="getClientConfoContactDetails" />
		<property name="query">
			<value><![CDATA[
                <OQL>
					<query name="getClientConfoContactDetails">
						<search>
							<function name="/getClientContactDetailsForConfirmationWithCaid.xqy">
								<param name="clientCaid" type="STRING" value="$clientCaid" />
								<param name="ownerAccounts" type="STRING" value="$ownerAccounts" />
								<param name="contact" type="STRING" value="$contact" />
								<param name="businessFunctions" type="STRING" value="$businessFunctions" />
								<param name="ownerLegalEntities" type="STRING" value="$ownerLegalEntities" />
								<param name="deliveryMedium" type="STRING" value="$deliveryMedium" />
								<param name="assetClass" type="STRING" value="$assetClass" />
								<param name="baseProduct" type="STRING" value="$baseProduct" />
								<param name="subProduct" type="STRING" value="$subProduct" />
								<param name="counterpartyType" type="STRING" value="$counterpartyType" />
							</function>
						</search>
						<result type="Fragment" />
					</query>
			</OQL>]]></value>
		</property>
	</bean>
	<bean id="getClientConfoServiceGroupDetailsQuery" class="com.jpmorgan.ibtcp.dcpp.la.dataObject.Query">
		<property name="name" value="getClientConfoServiceGroupDetails" />
		<property name="query">
			<value><![CDATA[
                <OQL>
                   <query name="getClientConfoServiceGroupDetails">
							<search>
								<function name="/getClientConfoServiceGroupDetails.xqy">
									<param name="ownerAccounts" type="STRING" value="$ownerAccounts"/>
									<param name="businessFunctions" type="STRING" value="$businessFunctions"/>
									<param name="cptyECI" type="STRING" value="$cptyECI" />
									<param name="assetClass" type="STRING" value="$assetClass"/>
									<param name="baseProduct" type="STRING" value="$baseProduct"/>
									<param name="subProduct" type="STRING" value="$subProduct"/>									
									<param name="clientServiceLevel" type="STRING" value="$clientServiceLevel"/>
									<param name="clientServiceHub" type="STRING" value="$clientServiceHub"/>
									<param name="clientTypes" type="STRING" value="$clientTypes"/>
									<param name="ownerLegalEntities" type="STRING" value="$ownerLegalEntities"/>
									<param name="productName" type="STRING" value="$productName"/>
								</function>
							</search>
							<result type="Fragment"/>
						</query>
                </OQL>]]></value>
		</property>
	</bean>
	<bean id="getCountryGroupQuery" class="com.jpmorgan.ibtcp.dcpp.la.dataObject.Query">
		<property name="name" value="getCountryGroup" />
		<property name="query">
			<value><![CDATA[
                <OQL>
                    <query name="getCountryGroup">
                        <search>
                            <subject>/ODS/pageType/RDT-CountryGroup</subject>
                               <history>LATEST</history>
                               <match>/gbom[referenceData/countryGroupData/memberCountries/countryId='$countryId']</match>
                        </search>
                        <result type="Page"/>
                    </query>
                </OQL>]]></value>
		</property>
	</bean>
	<bean id="getWorkerPageQuery" class="com.jpmorgan.ibtcp.dcpp.la.dataObject.Query">
		<property name="name" value="getDoxData" />
		<property name="query">
			<value><![CDATA[
                <OQL>
                    <query name="getWorkerPage">
                        <search>
                            <subject>/ODS/pageType/RDT-WorkerExtended</subject>
                               <history>LATEST</history>
                               <match>/gbom[referenceData/common/businessId/id='$id']</match>
                        </search>
                        <result type="Page"/>
                    </query>
                </OQL>]]></value>
		</property>
	</bean>
	<bean id="getSignatureQuery" class="com.jpmorgan.ibtcp.dcpp.la.dataObject.Query">
		<property name="name" value="getSignature" />
		<property name="query">
			<value><![CDATA[
                       <OQL>
                           <query name="getSignature">
                           <search>
                               <subject>/ODS/pageType/RDT-WorkerExtended</subject>
                               <history>LATEST</history>
                               <match>/gbom[referenceData/common/businessId[id='$id']]</match>
                           </search>
                           <result type="Page"/>
                           </query>
                       </OQL>]]>
			</value>
		</property>
	</bean>
	<bean id="getWorkflowProcessingRuleForConfirmationQuery" class="com.jpmorgan.ibtcp.dcpp.la.dataObject.Query">
		<property name="name" value="getWorkflowProcessingRuleForConfirmation" />
		<property name="query">
			<value><![CDATA[
                       <OQL>
                           <query name="getWorkflowProcessingRuleForConfirmation">
                           <search>
                               <function name="/getWorkflowProcessingRuleForConfirmation.xqy">
                               <param name="clientAccount" type="STRING" value="$clientAccount" />
                               <param name="ownerAccount" type="STRING" value="$ownerAccounts" />
                               <param name="tradeId" type="STRING" value="$tradeId" />
                               <param name="businessFunction" type="STRING" value="$businessFunction" />
                               <param name="ownerLegalEntities" type="STRING" value="$ownerLegalEntities" />
                               <param name="assetClass" type="STRING" value="$assetClass" />
                               <param name="subProduct" type="STRING" value="$subProduct" />                               
                               <param name="baseProduct" type="STRING" value="$baseProduct" />
                               <param name="productName" type="STRING" value="$productName" />                               
                               </function>
                           </search>
                           <result type="Fragment"/>
                           </query>
                       </OQL>
                       ]]>
			</value>
		</property>
	</bean>
	<bean id="getCDTDetailsQuery" class="com.jpmorgan.ibtcp.dcpp.la.dataObject.Query">
		<property name="name" value="getCDTDetails" />
		<property name="query">
			<value><![CDATA[
                <OQL>
	<query name="getCDTDetails">
		<search>
			<function name="/getCDTDetails.xqy">
				<param name="tradeId" type="STRING" value="$tradeId" />
				<param name="eventId" type="STRING" value="$eventId" />
			</function>
		</search>
		<result type="Fragment" />
	</query>
	 </OQL>]]></value>
		</property>
	</bean>

<bean id="getRdtCurrencyQuery" class="com.jpmorgan.ibtcp.dcpp.la.dataObject.Query">
		<property name="name" value="getRdtCurrency" />
		<property name="query">
			<value><![CDATA[
                       <OQL>
                           <query name="getRdtCurrency">
                           <search>
                               <subject>/ODS/pageType/RDT-Currency</subject>
                               <history>LATEST</history>
                               <match>/gbom/referenceData/common/businessId[id='$id']</match>
                           </search>
                           <result type="Page"/>
                           </query>
                       </OQL>]]>
			</value>
		</property>
	</bean>
	<bean id="getRdtLocationQuery" class="com.jpmorgan.ibtcp.dcpp.la.dataObject.Query">
		<property name="name" value="getRdtLocation" />
		<property name="query">
			<value><![CDATA[
                       <OQL>
                           <query name="getRdtLocation">
                           <search>
                               <subject>/ODS/pageType/RDT-Location</subject>
                               <history>LATEST</history>
                               <match>/gbom/referenceData/common/businessId[id='$id']</match>
                           </search>
                           <result type="Page"/>
                           </query>
                       </OQL>]]>
			</value>
		</property>
	</bean>	

   <bean id="getConfoClientProfileQuery" class="com.jpmorgan.ibtcp.dcpp.la.dataObject.Query">
        <property name="name" value="getConfoClientProfile" />
        <property name="query">
            <value><![CDATA[
                <OQL>
                    <query name="getConfoClientProfile">
                        <search>
                            <function name="/getConfoClientProfilePage.xqy">
                            <param name="assetClass" type="STRING" value="$assetClass" />
                            <param name="cptyEci" type="STRING" value="$cptyEci" />
                            <param name="businessProcess" type="STRING" value="$businessProcess" />
                            </function>
                        </search>
                        <result type="Fragment"/>
                    </query>
                </OQL>]]>
            </value>
        </property>
    </bean>
    <bean id="getPreviousGbom" class="com.jpmorgan.ibtcp.dcpp.la.dataObject.Query">
        <property name="name" value="getConfoClientProfile" />
        <property name="query">
            <value><![CDATA[
                <OQL>
                    <query name="getConfoClientProfile">
                        <search>
                            <function name="/getConfoClientProfilePage.xqy">
                            <param name="$coreProcessingTradeId" type="STRING" value="$assetClass" />
                            <param name="cptyEci" type="STRING" value="$cptyEci" />
                            <param name="businessProcess" type="STRING" value="$businessProcess" />
                            </function>
                        </search>
                        <result type="Fragment"/>
                    </query>
                </OQL>]]>
            </value>
        </property>
    </bean>
    <bean id="dayCountFractionDataQuery" class="com.jpmorgan.ibtcp.dcpp.la.dataObject.Query">
		<property name="name" value="dayCountFractionData" />
		<property name="query">
			<value><![CDATA[
                       <OQL>
                             <query name="dayCountFractionData">
                           <search>
                               <subject>/ODS/pageType/Matrices</subject>
                               <history>LATEST</history>
                               <match>/gbom/referenceData/dataValueMapping/sourceData/businessId[(domain=':fpml.day_count_fraction') or (domain=':sts.interest_accrual_method')][id='$id']</match>
                           </search>
                           <result type="Page"/>
                           </query>
                       </OQL>]]>
			</value>
		</property>
	</bean>
	<bean id="inflationDataQuery" class="com.jpmorgan.ibtcp.dcpp.la.dataObject.Query">
		<property name="name" value="inflationDataQuery" />
		<property name="query">
			<value><![CDATA[
                       <OQL>
                             <query name="inflationDataQuery">
                           <search>
                               <subject>/ODS/pageType/DataValueMapping</subject>
                               <history>LATEST</history>
                               <match>/gbom/referenceData/common/businessId[shortDescription='RatesInflationIndexMapping']</match>
                           </search>
                           <result type="Page"/>
                           </query>
                       </OQL>]]>
			</value>
		</property>
	</bean>
	<bean id="getDataValueMappingRecordForReviewRules" class="com.jpmorgan.ibtcp.dcpp.la.dataObject.Query">
		<property name="name" value="getDataValueMappingRecordForReviewRules" />
		<property name="query">
			<value><![CDATA[
                    	<OQL>
							<query name="getDataValueMappingRecordForReviewRules"> 
								<search> 
									<subject>/ODS/pageType/DataValueMapping</subject>
									<history>LATEST</history> 
									<match>/gbom/referenceData[common/businessId/id ='CONFIRMATION_REVIEW_RULE_PARTIES']/dataValueMapping[mappingClassification='$mappingClassification']/sourceDataSet[mappedData[valueType="$SPNType"][identifierValue='$spnIdentifierValue']]/mappedData/identifierValue</match> 
	 							</search> 
								<result type="Page"/> 
							</query> 
						</OQL>]]></value>
		</property>
	</bean>
	<bean id="floatingRateIndexDataQuery" class="com.jpmorgan.ibtcp.dcpp.la.dataObject.Query">
		<property name="name" value="floatingRateIndexData" />
		<property name="query">
			<value><![CDATA[
                       <OQL>
                             <query name="floatingRateIndexData">
                           <search>
                               <subject>/ODS/pageType/Matrices</subject>
                               <history>LATEST</history>
                               <match>/gbom/referenceData/dataMatrix/dataElement[domain=':fpml.floating-rate-index'][id = '$id']</match>
                           </search>
                           <result type="Page"/>
                           </query>
                       </OQL>]]>
			</value>
		</property>
	</bean>
	<bean id="getDataValueMappingRecordForSignatureRules" class="com.jpmorgan.ibtcp.dcpp.la.dataObject.Query">
		<property name="name" value="getDataValueMappingRecordForSignatureRules" />
		<property name="query">
			<value><![CDATA[
                    	<OQL>
							<query name="getDataValueMappingRecordForSignatureRules">
								<search> 
									<subject>/ODS/pageType/DataValueMapping</subject>
									<history>LATEST</history> 
									<match>/gbom/referenceData[common/businessId/id ='$dataValueMappingId']/dataValueMapping[mappingClassification='$mappingClassification']/sourceDataSet[mappedData[valueType="$SPNType"][identifierValue='$spnIdentifierValue']]/mappedData/identifierValue</match> 
	 							</search> 
								<result type="Page"/> 
							</query> 
						</OQL>]]></value>
		</property>
	</bean>
	<bean id="getTradeGbom" class="com.jpmorgan.ibtcp.dcpp.la.dataObject.Query">
		<property name="name" value="getTradeGbom" />
		<property name="query">
			<value><![CDATA[
 					<OQL>
 						<query name="getTradeGbom">
	 						<search>
								<subject>/ODS/pageType/Trade</subject>
								<key>$tradeGbomUri</key>
								<history>LATEST</history>
							</search>
							<result type="Page" />
						</query>
					</OQL>]]></value>
		</property>
	</bean>

    <bean id="getPreviousRatesEventType" class="com.jpmorgan.ibtcp.dcpp.la.dataObject.Query">
        <property name="name" value="getPreviousRatesEventType" />
        <property name="query">
            <value><![CDATA[
                <OQL>
                   <query name="getPreviousRatesEventType">
							<search>
								<function name="/getPreviousRatesEventType.xqy">
									<param name="tradeReference" type="STRING" value="$tradeReference"/>
									<param name="version" type="STRING" value="$version"/>
									<param name="issued" type="STRING" value="$issued"/>
									<param name="businessEventId" type="STRING" value="$businessEventId"/>
								</function>
							</search>
							<result type="Fragment"/>
						</query>
                </OQL>]]></value>
        </property>
    </bean>
</beans>