<?xml version="1.0" encoding="UTF-8"?>
<beans xmlns="http://www.springframework.org/schema/beans"
       xmlns:xsi="http://www.w3.org/2001/XMLSchema-instance" xmlns:context="http://www.springframework.org/schema/context"
       xsi:schemaLocation="http://www.springframework.org/schema/beans
		http://www.springframework.org/schema/beans/spring-beans-3.0.xsd
		http://www.springframework.org/schema/context
		http://www.springframework.org/schema/context/spring-context-3.0.xsd">
    <!-- Resource reviewCaseMetaDataTransform -->
    <bean id="reviewCaseMetaDataTransformResource" class="com.jpmorgan.ibtcp.dcpp.la.dataObject.Resource">
        <property name="resourceName" value="reviewCaseMetaDataTransform" />
        <property name="resourceType" value="XQuery" />
        <property name="resourceBody">
            <value><![CDATA[
						   declare namespace lookup = "com.jpmorgan.dcpp.gdf.lookup";
						   declare variable $payload as node() external;
                           declare variable $generateDocumentId as xs:string external;
                           <fortressTask>
										<customProperties>
											<customProperty>
												<propertyName>documentType</propertyName>
												<propertyValue>CONFIRMATION</propertyValue>
												<fieldSearchType>MUSTMATCH</fieldSearchType>
											</customProperty>
											<customProperty>
												<propertyName>Trade ID</propertyName>
												<propertyValue>{$payload/dsThunderheadInput/gbom/trade/tradeHeader/partyTradeData/businessId[(identifierType="DCPP_TRADE") or (identifierType = "CORE_PROCESSING_TRADE")]/identifierValue/text()}</propertyValue>
												<fieldSearchType>USERSUPPLIED</fieldSearchType>
											</customProperty>
											<customProperty>
												<propertyName>tradeVersion</propertyName>
												<propertyValue>{$payload/dsThunderheadInput/gbom/trade/tradeHeader/partyTradeData/businessId[(identifierType="DCPP_TRADE") or (identifierType = "CORE_PROCESSING_TRADE")]/version/text()}</propertyValue>
												<fieldSearchType>DISPLAYONLY</fieldSearchType>
											</customProperty>
											<customProperty>
												<propertyName>eventType</propertyName>
												<propertyValue>{$payload/dsThunderheadInput/gbom/trade/event/eventType[(domain=':sts:txn-type') or (domain=':dcpp.event-type')]/referenceDatakey/text()}</propertyValue>
												<fieldSearchType>DISPLAYONLY</fieldSearchType>
											</customProperty>
											<customProperty>
												<propertyName>legalEntityId</propertyName>
												<propertyValue>{$payload//parties/party[type="RISK_MANAGEMENT_OWNER"]/legalEntity/text()}</propertyValue>
												<fieldSearchType>MUSTMATCH</fieldSearchType>
											</customProperty>
										</customProperties>
										<purgeDate>{saxon:format-date(fn:current-date()+xs:yearMonthDuration("P2Y"),'[Y0001]-[M01]-[D01]')}</purgeDate>
                         </fortressTask>
						   ]]></value>
        </property>
    </bean>
</beans>