<?xml version="1.0" encoding="UTF-8"?>
<beans xmlns="http://www.springframework.org/schema/beans"
       xmlns:xsi="http://www.w3.org/2001/XMLSchema-instance"
       xsi:schemaLocation="http://www.springframework.org/schema/beans
		http://www.springframework.org/schema/beans/spring-beans-3.0.xsd">

    <bean id="getCurrencyRefDataResource" class="com.jpmorgan.ibtcp.dcpp.la.dataObject.Resource">
        <property name="resourceName" value="getCurrencyRefData"/>
        <property name="resourceType" value="XQuery"/>
        <property name="resourceBody">
            <value>#{xqueryToStringWithCDataConverter.getConvertedString('/Rates/currency-ref-data.xqy')}</value>
        </property>
    </bean>

    <bean id="getAccuralMethodResource" class="com.jpmorgan.ibtcp.dcpp.la.dataObject.Resource">
        <property name="resourceName" value="getAccuralMethod"/>
        <property name="resourceType" value="XQuery"/>
        <property name="resourceBody">
            <value>#{xqueryToStringWithCDataConverter.getConvertedString('/Rates/accrual-method.xqy')}</value>
        </property>
    </bean>

    <bean id="getInflationIndicesResource" class="com.jpmorgan.ibtcp.dcpp.la.dataObject.Resource">
        <property name="resourceName" value="getInflationIndices"/>
        <property name="resourceType" value="XQuery"/>
        <property name="resourceBody">
            <value>#{xqueryToStringWithCDataConverter.getConvertedString('/Rates/inflation-indices.xqy')}</value>
        </property>
    </bean>
    <bean id="getFloatingRateOptionsResource" class="com.jpmorgan.ibtcp.dcpp.la.dataObject.Resource">
        <property name="resourceName" value="getFloatingRateOptions"/>
        <property name="resourceType" value="XQuery"/>
        <property name="resourceBody">
            <value>#{xqueryToStringWithCDataConverter.getConvertedString('/Rates/floatingRateOptions_rates.xqy')}
            </value>
        </property>
    </bean>

</beans>
