<?xml version="1.0" encoding="UTF-8"?>
<beans xmlns="http://www.springframework.org/schema/beans"
       xmlns:xsi="http://www.w3.org/2001/XMLSchema-instance"
       xsi:schemaLocation="http://www.springframework.org/schema/beans
		http://www.springframework.org/schema/beans/spring-beans-3.0.xsd">

    <bean id="xqueryToStringWithCDataConverter" class="com.jpmorgan.ibtcp.dcpp.la.utils.XqueryLoader"/>

    <bean id="executeRatesSwaptionsMatrixOetRulesResource" class="com.jpmorgan.ibtcp.dcpp.la.dataObject.Resource">
        <property name="resourceName" value="executeRatesSwaptionsMatrixOetRulesResource"/>
        <property name="resourceType" value="XQuery"/>
        <property name="resourceBody">
            <value>#{xqueryToStringWithCDataConverter.getConvertedString('/Rates/swaptions-matrix-oet-rates.xqy')}
            </value>
        </property>
    </bean>

    <bean id="executeRatesEtrMatrixOetRulesResource" class="com.jpmorgan.ibtcp.dcpp.la.dataObject.Resource">
        <property name="resourceName" value="executeRatesEtrMatrixOetRulesResource"/>
        <property name="resourceType" value="XQuery"/>
        <property name="resourceBody">
            <value>#{xqueryToStringWithCDataConverter.getConvertedString('/Rates/etr-matrix-oet-rates.xqy')}
            </value>
        </property>
    </bean>

    <bean id="executeRatesCcsEtrMatrixRulesResource" class="com.jpmorgan.ibtcp.dcpp.la.dataObject.Resource">
        <property name="resourceName" value="executeRatesCcsEtrMatrixRulesResource"/>
        <property name="resourceType" value="XQuery"/>
        <property name="resourceBody">
            <value>#{xqueryToStringWithCDataConverter.getConvertedString('/Rates/ccs-et-matrix-rates.xqy')}
            </value>
        </property>
    </bean>

    <bean id="executeRatesCcsMtmMatrixRulesResource" class="com.jpmorgan.ibtcp.dcpp.la.dataObject.Resource">
        <property name="resourceName" value="executeRatesCcsMtmMatrixRulesResource"/>
        <property name="resourceType" value="XQuery"/>
        <property name="resourceBody">
            <value>#{xqueryToStringWithCDataConverter.getConvertedString('/Rates/ccs-mtm-matrix-rates.xqy')}
            </value>
        </property>
    </bean>
</beans>

