<?xml version="1.0" encoding="UTF-8" ?>
<beans xmlns="http://www.springframework.org/schema/beans" xmlns:xsi="http://www.w3.org/2001/XMLSchema-instance"
       xsi:schemaLocation="http://www.springframework.org/schema/beans http://www.springframework.org/schema/beans/spring-beans-3.2.xsd">
    <bean id="validatingMarshaller" class="org.springframework.oxm.jaxb.Jaxb2Marshaller">
        <property name="contextPath" value="com.jpmorgan.dcpp.la.model.generated"/>
        <property name="schemas">
            <list>
                <value>classpath*:xsd/dsThunderheadInput.xsd</value>
                <value>classpath*:xsd/gbom.xsd</value>
                <value>classpath*:xsd/ref-data.xsd</value>
            </list>
        </property>
        <property name="marshallerProperties">
            <map>
                <entry key="jaxb.encoding">
                    <value>UTF-8</value>
                </entry>
                <entry key="jaxb.fragment" >
                    <value>#{T(Boolean).valueOf(false)}</value>
                </entry>
            </map>
        </property>
    </bean>
    <bean id="nonValidatingMarshaller" class="org.springframework.oxm.jaxb.Jaxb2Marshaller">
        <property name="contextPath" value="com.jpmorgan.dcpp.la.model.generated"/>
        <property name="marshallerProperties">
            <map>
                <entry key="jaxb.encoding">
                    <value>UTF-8</value>
                </entry>
                <entry key="jaxb.fragment">
                    <value>#{T(Boolean).valueOf(false)}</value>
                </entry>
            </map>
        </property>
    </bean>
</beans>