<?xml version="1.0" encoding="UTF-8"?>
<beans xmlns="http://www.springframework.org/schema/beans"
       xmlns:xsi="http://www.w3.org/2001/XMLSchema-instance"
       xsi:schemaLocation="http://www.springframework.org/schema/beans
		http://www.springframework.org/schema/beans/spring-beans-3.0.xsd">

    <bean id="xqueryToStringWithCDataConverter" class="com.jpmorgan.ibtcp.dcpp.la.utils.XqueryLoader"/>

    <bean id="executeCommoditiesEditRulesResource" class="com.jpmorgan.ibtcp.dcpp.la.dataObject.Resource">
        <property name="resourceName" value="executeCommoditiesEditRulesResource"/>
        <property name="resourceType" value="XQuery"/>
        <property name="resourceBody">
            <value>#{xqueryToStringWithCDataConverter.getConvertedString('/Commodity/edit_commodities.xqy')}
            </value>
        </property>
    </bean>


</beans>
