<?xml version="1.0" encoding="UTF-8"?>
<beans xmlns="http://www.springframework.org/schema/beans"
       xmlns:xsi="http://www.w3.org/2001/XMLSchema-instance"
       xsi:schemaLocation="http://www.springframework.org/schema/beans
	   					   http://www.springframework.org/schema/beans/spring-beans.xsd">

    <bean id="propertyConfigurer" class="org.springframework.beans.factory.config.PropertyPlaceholderConfigurer">
        <property name="ignoreResourceNotFound" value="true" />
        <property name="searchSystemEnvironment" value="true" />
        <property name="systemPropertiesModeName" value="SYSTEM_PROPERTIES_MODE_OVERRIDE" />
        <property name="location" value="classpath:app.properties"/>
        <!--<property name="ignoreUnresolvablePlaceholders" value="true"/>-->
    </bean>

    <import resource="app-context-child.xml"/>

    <bean id="message1" class="java.lang.String">
        <constructor-arg type="java.lang.String" value="${var1}"/>
        <!--<constructor-arg type="java.lang.String" value="#{systemProperties['myurl']}"/>-->
    </bean>

    <bean id="message2"
          class="java.lang.String">
        <!--<constructor-arg type="java.lang.String" value="${USERDNSDOMAIN}"/>-->
        <constructor-arg type="java.lang.String" value="${var2}"/>
    </bean>

    <bean id="mbeanServer" class="org.springframework.jmx.support.MBeanServerFactoryBean"/>

    <bean id="exporter" class="org.springframework.jmx.export.MBeanExporter" lazy-init="false">
        <property name="beans">
            <map>
                <entry key="bean:name=testBean1" value-ref="testBean"/>
            </map>
        </property>
        <property name="server" ref="mbeanServer"/>
    </bean>

    <bean id="testBean" class="Statistics">
        <constructor-arg name="number" value="13"/>
    </bean>


</beans>