<?xml version="1.0" encoding="UTF-8"?>
<beans xmlns="http://www.springframework.org/schema/beans"
       xmlns:xsi="http://www.w3.org/2001/XMLSchema-instance"
       xsi:schemaLocation="http://www.springframework.org/schema/beans
		http://www.springframework.org/schema/beans/spring-beans-3.0.xsd">

	<!-- Resource creditReviewDecisionResource -->
	<bean id="creditReviewDecisionResource" class="com.jpmorgan.ibtcp.dcpp.la.dataObject.Resource">
		<property name="resourceName" value="creditReviewDecision" />
		<property name="resourceType" value="XQuery" />
		<property name="resourceBody">
			<value><![CDATA[
						  declare namespace reviewGroup = "com.jpmorgan.dcpp.gdf.reviewGroup";
                          declare variable $payload as node() external;
                    	  let $dcode := $payload//gbom/trade/product/productClass[domain=':product-classification']/referenceDatakey/text()      
                          let $requiredDocdes := ('D860', 'D865', 'D867')   
						  return
  						  if($dcode = $requiredDocdes) 
                      	  	then
                      		(
								reviewGroup:addReviewGroup('MiddleOffice','Middle Office Review required','4')
							)
							else
							(
							)
                     ]]></value>
		</property>
	</bean>
</beans>

