<?xml version="1.0" encoding="UTF-8"?>
<beans xmlns="http://www.springframework.org/schema/beans"
       xmlns:xsi="http://www.w3.org/2001/XMLSchema-instance"
       xsi:schemaLocation="http://www.springframework.org/schema/beans
		http://www.springframework.org/schema/beans/spring-beans-3.0.xsd">

	<bean id="getCreditSignatureRefDataResource" class="com.jpmorgan.ibtcp.dcpp.la.dataObject.Resource">
		<property name="resourceName" value="getCreditSignatureRefData" />
		<property name="resourceType" value="XQuery" />
		<property name="resourceBody">
		<value>#{xqueryToStringWithCDataConverter.getConvertedString('/Credit/SignatureRule.xqy')}</value>
		</property>
	</bean>
</beans>

